<component name="ProjectRunConfigurationManager">
  <configuration default="true" type="SpringBootApplicationConfigurationType" factoryName="Spring Boot" editBeforeRun="true">
    <module name="databaseapi" />
    <option name="SPRING_BOOT_MAIN_CLASS" value="com.tiin.databaseapi.run.DatabaseapiApplication" />
    <option name="PROGRAM_PARAMETERS" value="--spring.profiles.active=dev" />
    <option name="ALTERNATIVE_JRE_PATH" />
    <method v="2">
      <option name="Make" enabled="true" />
    </method>
  </configuration>
</component>