<?xml version="1.0" encoding="UTF-8"?>
<configuration>

    <!--
        valid levels: TRACE, DEBUG, INFO, WARN, ERROR
        TO change log level,  use properties files or add to command line... (no space between dashes)
                - -logging.level.com.tiin=INFO
                - -logging.level.com.springframework=DEBUG

        TO change loggind directory, use properties files or add to command line... (no space between dashes)
            - -logdir=/my/logging/dir
            (no spaces between dashes)
            DEFAULT: . (current directory)

        TO change maximum log size, use properties files or add to command line... (no space between dashes)
            - -logmaxsize=5gb
            - -logmaxsize=31mb
            - -logmaxsize=500kb
            Which mean, respectively: 5 gigabytes, 31 megabytes, 500 kbytes.
            DEFAULT: 10 megabytes
    -->
    <springProperty scope="context" name="LOGDIR" source="logdir"
                    defaultValue="."/>
    <springProperty scope="context" name="LOGMAXSIZE" source="logmaxsize"
                    defaultValue="."/>

    <property name="LOGS" value="${LOGDIR}/logs" />

    <appender name="Console"
              class="ch.qos.logback.core.ConsoleAppender">
        <layout class="ch.qos.logback.classic.PatternLayout">
            <Pattern>
                %green(%d{ISO8601, UTC}) %highlight(%-5level) [%blue(%t)] %yellow(%C{1.} L%L): %msg%n%throwable
            </Pattern>
        </layout>
    </appender>

    <appender name="RollingFile"
              class="ch.qos.logback.core.rolling.RollingFileAppender">
        <file>${LOGS}/database-api-logger.log</file>
        <encoder
                class="ch.qos.logback.classic.encoder.PatternLayoutEncoder">
            <!-- <Pattern>%d %p %C{1.} L%L [%t] %m%n</Pattern> -->
            <Pattern>
                %d{ISO8601, UTC} %-5level [%t] %C{1.} L%L: %msg%n%throwable
            </Pattern>

        </encoder>

        <rollingPolicy
                class="ch.qos.logback.core.rolling.TimeBasedRollingPolicy">
            <!-- rollover daily and when the file reaches 10 MegaBytes -->
            <fileNamePattern>${LOGS}/archived/database-api-logger-%d{yyyy-MM-dd, UTC}.%i.log
            </fileNamePattern>
            <timeBasedFileNamingAndTriggeringPolicy
                    class="ch.qos.logback.core.rolling.SizeAndTimeBasedFNATP">
                <maxFileSize>${LOGMAXSIZE}</maxFileSize>
            </timeBasedFileNamingAndTriggeringPolicy>
        </rollingPolicy>
    </appender>

    <!-- LOG everything at INFO level -->
    <root level="info">
        <appender-ref ref="RollingFile" />
        <appender-ref ref="Console" />
    </root>

    <!-- LOG "com.tiin*" at TRACE level -->
    <logger name="com.tiin" level="trace" additivity="false">
        <appender-ref ref="RollingFile" />
        <appender-ref ref="Console" />
    </logger>

</configuration>